Date,Open,High,Low,Close,Volume,Target
2023-07-31 00:00:00-04:00,0.4190128842538008,0.41203622308184595,0.4386790140820258,0.4373809872883916,0.06644598649746754,0.4254518861329508
2023-08-01 00:00:00-04:00,0.4215223429288888,0.41539592947378834,0.43896647274112244,0.4254518861329508,0.05003662763166948,0.38242137726994185
2023-08-02 00:00:00-04:00,0.40479322999750567,0.39369693668164585,0.38968469079134405,0.38242137726994185,0.11845407560536773,0.36239772340841325
2023-08-03 00:00:00-04:00,0.3564199318222885,0.354359674235857,0.37301835779954606,0.36239772340841325,0.16722751088148702,0.23202874016065378
2023-08-04 00:00:00-04:00,0.2720792028585719,0.2845038615511304,0.2470123642151547,0.23202874016065378,0.41260116443940387,0.18743604819741178
2023-08-07 00:00:00-04:00,0.22482032928478946,0.22500710337785534,0.18135124399776448,0.18743604819741178,0.3306506047718902,0.20092733245308514
2023-08-08 00:00:00-04:00,0.190805204772873,0.18496941935013167,0.18465576218194268,0.20092733245308514,0.19685249699716378,0.17806316744332884
2023-08-09 00:00:00-04:00,0.20725514277055312,0.19420884587971177,0.17646612383525762,0.17806316744332884,0.16337497655966482,0.17493880124286276
2023-08-10 00:00:00-04:00,0.187877677617315,0.19168905965753025,0.18494327490107576,0.17493880124286276,0.13778015416433015,0.1757921091781034
2023-08-11 00:00:00-04:00,0.16110434539934193,0.16524754840938982,0.1732825787557153,0.1757921091781034,0.1256437941459646,0.1995407342892328
2023-08-14 00:00:00-04:00,0.17017792182113967,0.1802470357812922,0.18421683231397523,0.1995407342892328,0.08826292388782637,0.17095720585547447
2023-08-15 00:00:00-04:00,0.18288106734097465,0.17730315823956655,0.18047624488455627,0.17095720585547447,0.08802458570753387,0.15844318465762353
2023-08-16 00:00:00-04:00,0.15845202628313082,0.16412608237097492,0.1725631796364815,0.15844318465762353,0.10305473099039407,0.12189602975445801
2023-08-17 00:00:00-04:00,0.15859143237753814,0.149687359559751,0.12911355603958485,0.12189602975445801,0.18893742093805416,0.12886431183884728
2023-08-18 00:00:00-04:00,0.09102796030768667,0.11590404804345456,0.10724522844627726,0.12886431183884728,0.16668338031893248,0.14806188867958614
2023-08-21 00:00:00-04:00,0.12969553754684204,0.13034255844803821,0.13285438766752966,0.14806188867958614,0.10011822473131869,0.1678284827086962
2023-08-22 00:00:00-04:00,0.15747463429511654,0.15207038982300336,0.16896623777678244,0.1678284827086962,0.0811064827535345,0.22314666940863814
2023-08-23 00:00:00-04:00,0.17785555881808524,0.206320589740844,0.19889177957088178,0.22314666940863814,0.12894770095843427,0.15574100655480816
2023-08-24 00:00:00-04:00,0.20786807838714472,0.200012327668178,0.16551312367798632,0.15574100655480816,0.13894441369032495,0.187453040288029
2023-08-25 00:00:00-04:00,0.161941814522919,0.17267705302272018,0.16277989488240863,0.187453040288029,0.12322218829525695,0.2099218124199549
2023-08-28 00:00:00-04:00,0.1997719419354138,0.1928633273554552,0.20205718472241418,0.2099218124199549,0.08891543086821203,0.26580836276632125
2023-08-29 00:00:00-04:00,0.19432748376659115,0.2532809442609545,0.21572471685941785,0.26580836276632125,0.1302117927033441,0.31600713754944865
2023-08-30 00:00:00-04:00,0.2674750393823806,0.29463454412973356,0.29111398315190806,0.31600713754944865,0.16533294719550162,0.3191358606962269
2023-08-31 00:00:00-04:00,0.30795746618037523,0.31243753045914335,0.33053504089412344,0.3191358606962269,0.165245706427621,0.34174688712524537
2023-09-01 00:00:00-04:00,0.3309907582178342,0.323652148998264,0.3420449822847407,0.34174688712524537,0.09751314345125377,0.3451596831715782
2023-09-05 00:00:00-04:00,0.31409974605599356,0.3244931910009461,0.3324055514576396,0.3451596831715782,0.09547782533049186,0.24860169254293396
2023-09-06 00:00:00-04:00,0.3157745940020664,0.3086526823116196,0.24406771775807456,0.24860169254293396,0.2595075573439414,0.1725215674288636
2023-09-07 00:00:00-04:00,0.13123109509530773,0.15950042986694024,0.12997699485869418,0.1725215674288636,0.397712223286,0.18133806613888082
2023-09-08 00:00:00-04:00,0.17548247288553487,0.1879569240349288,0.19112254099788517,0.18133806613888082,0.1866367829562119,0.19811840916562096
2023-09-11 00:00:00-04:00,0.1994926312275318,0.18879789957165283,0.18464825332423773,0.19811840916562096,0.15696502859383626,0.15460362572001252
2023-09-12 00:00:00-04:00,0.19139634940989048,0.18641506431192267,0.14839279400693828,0.15460362572001252,0.2982460558403872,0.12488249860414324
2023-09-13 00:00:00-04:00,0.14979697217691168,0.1467437294883629,0.13630722143103968,0.12488249860414324,0.2708043373951256,0.14663999925060534
2023-09-14 00:00:00-04:00,0.11475888656426125,0.12992207274007184,0.13055241766102155,0.14663999925060534,0.16570124713825551,0.13625870327256795
2023-09-15 00:00:00-04:00,0.14937810682785457,0.13552911889569463,0.13400532968988665,0.13625870327256795,0.3829455990855009,0.17835181513651088
2023-09-18 00:00:00-04:00,0.14937815203265847,0.1759013160634746,0.1678152443938692,0.17835181513651088,0.19430992327759072,0.19399455948114008
2023-09-19 00:00:00-04:00,0.1638960757231014,0.17940583670097432,0.18162708539741867,0.19399455948114008,0.12491888632213159,0.1430847310598642
2023-09-20 00:00:00-04:00,0.18818528278038027,0.18038693003941386,0.15673695059496628,0.1430847310598642,0.15464055679396477,0.12090068536943965
2023-09-21 00:00:00-04:00,0.12243676411391435,0.1327257985522592,0.13458097925619494,0.12090068536943965,0.17537912634217,0.133130197973105
2023-09-22 00:00:00-04:00,0.12411161988147645,0.14365967696850213,0.13731437597661733,0.133130197973105,0.1469471802119951,0.15147490257323426
2023-09-25 00:00:00-04:00,0.11755068286523862,0.14211769041604416,0.13875297909188644,0.15147490257323426,0.09949224973704106,0.09288595627673679
2023-09-26 00:00:00-04:00,0.12620552240757954,0.11730546937708297,0.1029287537633814,0.09288595627673679,0.1823089213578441,0.0711284556302747
2023-09-27 00:00:00-04:00,0.09549482445132984,0.08702657048233231,0.06537827945808239,0.0711284556302747,0.1927998485428319,0.07482597811810887
2023-09-28 00:00:00-04:00,0.04970794426022174,0.07286840951691342,0.044804447465653485,0.07482597811810887,0.14500899614206936,0.08222080524646058
2023-09-29 00:00:00-04:00,0.08711937724425578,0.08744739256828993,0.08393779921956668,0.08222080524646058,0.12486177509779735,0.11834097941103261
2023-10-02 00:00:00-04:00,0.07595174126791804,0.10468952613441118,0.09242616339590226,0.11834097941103261,0.12643705556112678,0.099143184722978
2023-10-03 00:00:00-04:00,0.09046955165260684,0.09529753459337309,0.09084387907932356,0.099143184722978,0.1148803519850198,0.11706134427914439
2023-10-04 00:00:00-04:00,0.07413710862057776,0.10342811464408763,0.09300194175541332,0.11706134427914439,0.1302855426308308,0.1348370316909029
2023-10-05 00:00:00-04:00,0.11182746438506985,0.12081034280674574,0.11760392988800428,0.1348370316909029,0.11008345883562355,0.17152622304384568
2023-10-06 00:00:00-04:00,0.11196721305119839,0.15641641879216017,0.12479756617819149,0.17152622304384568,0.1491898075801435,0.19285696079902914
2023-10-09 00:00:00-04:00,0.1539848612171002,0.17127539620012477,0.1624921122167149,0.19285696079902914,0.08248524664179256,0.1843245349885665
2023-10-10 00:00:00-04:00,0.171992662619191,0.18066750744049953,0.1934245993448891,0.1843245349885665,0.08836365549610094,0.20437541976454643
2023-10-11 00:00:00-04:00,0.17338827184391992,0.18248971835867556,0.18838898748623745,0.20437541976454643,0.10569084120336499,0.2173164217009913
2023-10-12 00:00:00-04:00,0.19949274700610387,0.21739481521558712,0.209106626045243,0.2173164217009913,0.14702677617031917,0.19086583633436183
2023-10-13 00:00:00-04:00,0.21833758538969006,0.2116470852368737,0.19615793745413068,0.19086583633436183,0.12312100699230259,0.18901740186141813
2023-10-16 00:00:00-04:00,0.15314739120545706,0.17169598430813426,0.17270698931098583,0.18901740186141813,0.12802222930741175,0.16669088402658527
2023-10-17 00:00:00-04:00,0.15175129143243327,0.16244392396768115,0.14810486716813198,0.16669088402658527,0.15065266437352365,0.14806188867958614
2023-10-18 00:00:00-04:00,0.13681476907888612,0.1506687383128651,0.1525648285030461,0.14806188867958614,0.13812866754117292,0.1426584038632175
2023-10-19 00:00:00-04:00,0.14323617865879523,0.15431355812163794,0.15371603056825522,0.1426584038632175,0.15853806058376668,0.10596921251027425
2023-10-20 00:00:00-04:00,0.13304583644903678,0.12038979764864566,0.11702851716416562,0.10596921251027425,0.1805119414173747,0.10767561053344066
2023-10-23 00:00:00-04:00,0.0716244303706075,0.10062424123750224,0.07803900825045895,0.10767561053344066,0.14359560576346692,0.11393262113236613
2023-10-24 00:00:00-04:00,0.10149751354222714,0.09585805681597481,0.09990757964541386,0.11393262113236613,0.08889699338634034,0.0806566615203872
2023-10-25 00:00:00-04:00,0.08516519479076923,0.08730720529074576,0.0883979390466263,0.0806566615203872,0.14888806244999958,0.020787862244685762
2023-10-26 00:00:00-04:00,0.06408634183868012,0.06375694526421549,0.016749587247934627,0.020787862244685762,0.2094542910091194,0.03970114833855476
2023-10-27 00:00:00-04:00,0.01578670050410702,0.029833065558978245,0.03343869537008226,0.03970114833855476,0.15492341474755716,0.06913733116560739
2023-10-30 00:00:00-04:00,0.04524076783428077,0.06081257310235211,0.06278821290290937,0.06913733116560739,0.12178946104542322,0.07596357680021937
2023-10-31 00:00:00-04:00,0.04984760160173218,0.05702783069728756,0.048832780802487985,0.07596357680021937,0.09352615042017225,0.12146948471049512
2023-11-01 00:00:00-04:00,0.0728806077222881,0.10370811426424442,0.08077249492733696,0.12146948471049512,0.14788929056617012,0.17266382172595662
2023-11-02 00:00:00-04:00,0.13597737500828133,0.1534724523265143,0.1576005900319548,0.17266382172595662,0.2396265555501093,0.15958056549241872
2023-11-03 00:00:00-04:00,0.11810921289679666,0.1400150975726202,0.1272434017480064,0.15958056549241872,0.2505491896277023,0.19626997469267726
2023-11-06 00:00:00-05:00,0.14798261133061041,0.17660232935669962,0.16839113910844317,0.19626997469267726,0.17894700393168061,0.23310120249539734
2023-11-07 00:00:00-05:00,0.18706856193307875,0.21879661782384519,0.2080995416961091,0.23310120249539734,0.2090257319792727,0.24831718394874835
2023-11-08 00:00:00-05:00,0.23132018843307645,0.2329548597396185,0.2457940796527458,0.24831718394874835,0.11373677841429562,0.2414913740087674
2023-11-09 00:00:00-05:00,0.23983546439133274,0.24234696736362205,0.24895930553932732,0.2414913740087674,0.13362767349108323,0.3017235426069047
2023-11-10 00:00:00-05:00,0.25731770549747424,0.28013697441369434,0.27718400811612387,0.3017235426069047,0.18925445568731114,0.27894063464587093
2023-11-13 00:00:00-05:00,0.2831766512992089,0.2725570115658096,0.28698022455107,0.27894063464587093,0.08804662074684393,0.3165325852746981
2023-11-14 00:00:00-05:00,0.3094549234908168,0.301753185560131,0.31708922704321996,0.3165325852746981,0.16216035122953276,0.32464892271234724
2023-11-15 00:00:00-05:00,0.3115517541689532,0.3212640155105899,0.338410355728632,0.32464892271234724,0.13374909105462846,0.3488561164228341
2023-11-16 00:00:00-05:00,0.3355937698805733,0.3417576288623798,0.3509438238681857,0.3488561164228341,0.13654799074168594,0.348571172134017
2023-11-17 00:00:00-05:00,0.34509848958836775,0.3336163063152906,0.3497914248040326,0.348571172134017,0.12085274702740574,0.3736323273216917
2023-11-20 00:00:00-05:00,0.3400664721485409,0.35509222154400444,0.36866350373650514,0.3736323273216917,0.10098703485268677,0.36209840119676606
2023-11-21 00:00:00-05:00,0.36131271786900987,0.3496178747635095,0.36664654474064085,0.36209840119676606,0.06334489198558639,0.37163902438386787
2023-11-22 00:00:00-05:00,0.36243125982394986,0.3694095455008304,0.38234953648670267,0.37163902438386787,0.07001476347633774,0.35255799585698
2023-11-24 00:00:00-05:00,0.3537644992444009,0.3409149890330636,0.3595873543093311,0.35255799585698,0.0,0.34999480434152286
2023-11-27 00:00:00-05:00,0.340485615905191,0.3376866433409669,0.3545451018336716,0.34999480434152286,0.07421895903776131,0.35868081250949
2023-11-28 00:00:00-05:00,0.3385287362267868,0.3434416875812891,0.36174820253912854,0.35868081250949,0.06460808434113659,0.34401445983342116
2023-11-29 00:00:00-05:00,0.3541839657035992,0.3576186709981397,0.35555379114514096,0.34401445983342116,0.08528864327564802,0.35227326941547865
2023-11-30 00:00:00-05:00,0.3393674822688162,0.3327740967735209,0.34431695116573513,0.35227326941547865,0.11128189515728297,0.37064215506764064
2023-12-01 00:00:00-05:00,0.34621671363919315,0.3501793088404028,0.3592993149128181,0.37064215506764064,0.09727345618692189,0.3448686391579243
2023-12-04 00:00:00-05:00,0.34132425412912326,0.32898405275584564,0.3336561759910448,0.3448686391579243,0.08697634740892672,0.40168387261073235
2023-12-05 00:00:00-05:00,0.34453951576612596,0.39004314198148027,0.3729852249674934,0.40168387261073235,0.19148044435230704,0.3860206506184358
2023-12-06 00:00:00-05:00,0.4038052490082822,0.39509622485708285,0.4007891990748691,0.3860206506184358,0.07663426916295181,0.41378746946597555
2023-12-07 00:00:00-05:00,0.39234370691664866,0.39846523499264386,0.4221104606969961,0.41378746946597555,0.10536076530839387,0.4342921302003697
2023-12-08 00:00:00-05:00,0.4003109382438357,0.41236148508530013,0.42326296682070685,0.4342921302003697,0.13189095263770662,0.39826650177077205
2023-12-11 00:00:00-05:00,0.3850752514027316,0.3772701868428565,0.39084912698341556,0.39826650177077205,0.16591665088987834,0.42005275826289434
2023-12-12 00:00:00-05:00,0.38465581173984287,0.39453496476682925,0.39517090305468994,0.42005275826289434,0.12883123003636682,0.46633049921237335
2023-12-13 00:00:00-05:00,0.4127510605693496,0.4405747497443677,0.4402622526816784,0.46633049921237335,0.20846001607208786,0.4684662742946051
2023-12-14 00:00:00-05:00,0.45370614389504516,0.4633138593081285,0.45913428718574556,0.4684662742946051,0.19239422394165484,0.46077713544286514
2023-12-15 00:00:00-05:00,0.44685694134255094,0.44618925323141223,0.47123543876153207,0.46077713544286514,0.46861963070173507,0.4368551038685111
2023-12-18 00:00:00-05:00,0.4267290067536247,0.42134486869497456,0.43363543887267486,0.4368551038685111,0.14256940250416983,0.4518064008333966
2023-12-19 00:00:00-05:00,0.42770751014640584,0.4258364077513388,0.4552446758805786,0.4518064008333966,0.07494521594563373,0.42176133475921684
2023-12-20 00:00:00-05:00,0.4380508978282833,0.43608296907664945,0.43997408667358817,0.42176133475921684,0.12678916649540795,0.41962512398235363
2023-12-21 00:00:00-05:00,0.4268686348161226,0.42766098572998557,0.4208136472254327,0.41962512398235363,0.10088540385505261,0.4042470641261895
2023-12-22 00:00:00-05:00,0.41400908029331696,0.40422019639703866,0.41317861521675026,0.4042470641261895,0.058795330910078616,0.3964152352827255
2023-12-26 00:00:00-05:00,0.39206386540583926,0.3828844250854275,0.4111616041356183,0.3964152352827255,0.02190462785291926,0.3978390853375471
2023-12-27 00:00:00-05:00,0.37640882291222777,0.3774102246647417,0.3860948038010932,0.3978390853375471,0.10810390285515649,0.40396211983737285
2023-12-28 00:00:00-05:00,0.3994721467233249,0.39369268544759217,0.4160597114527058,0.40396211983737285,0.04497666309459193,0.3890108228724869
2023-12-29 00:00:00-05:00,0.39611743944595235,0.3900430909744026,0.3953148110419189,0.3890108228724869,0.0835555199797098,0.2909017593567058
2024-01-02 00:00:00-05:00,0.3017670976948117,0.30638529097664646,0.28237027663194025,0.2909017593567058,0.2628033696521747,0.27110902364972267
2024-01-03 00:00:00-05:00,0.2608121212581769,0.2704516794408378,0.27574326140282013,0.27110902364972267,0.15454297304844877,0.2377892767273062
2024-01-04 00:00:00-05:00,0.2318781706576356,0.23128981641061142,0.23900789797224808,0.2377892767273062,0.21556249384480408,0.22739425636838506
2024-01-05 00:00:00-05:00,0.229641733771631,0.22665757891073657,0.22877925562692702,0.22739425636838506,0.1720306997564004,0.28976263574338557
2024-01-08 00:00:00-05:00,0.23103941610971157,0.2665215809445778,0.24793954257580264,0.28976263574338557,0.157825744210968,0.2837820733879681
2024-01-09 00:00:00-05:00,0.2566187839164513,0.2602048933761143,0.2656590254678646,0.2837820733879681,0.08451336964767771,0.2987335882001694
2024-01-10 00:00:00-05:00,0.2626295235383669,0.2777507534556034,0.28280259668953756,0.2987335882001694,0.10228125614114299,0.29018983432929524
2024-01-11 00:00:00-05:00,0.2932407036648135,0.28687457573274067,0.2784806292563191,0.29018983432929524,0.11278387538780545,0.2948888009269841
2024-01-12 00:00:00-05:00,0.28653137123441974,0.2825232392768213,0.3010984121409028,0.2948888009269841,0.07373373847826019,0.2622807611846625
2024-01-16 00:00:00-05:00,0.2320179024659712,0.24771237275111702,0.23972784438451056,0.2622807611846625,0.18686927510566703,0.24875331427459813
2024-01-17 00:00:00-05:00,0.21957774340147607,0.2290438242415629,0.2306521882441741,0.24875331427459813,0.10463990473667904,0.3334774030247232
2024-01-18 00:00:00-05:00,0.28695060407616513,0.31621079442080546,0.31031827726144456,0.3334774030247232,0.2426440068515482,0.3751986495209212
2024-01-19 00:00:00-05:00,0.3322389147320002,0.35565357639326134,0.3533929650883092,0.3751986495209212,0.20098069415770164,0.40837614214624507
2024-01-22 00:00:00-05:00,0.3737528784923403,0.4030970148286137,0.4029498899880579,0.40837614214624507,0.16227502337288102,0.4267450277984066
2024-01-23 00:00:00-05:00,0.4117727984542032,0.408992580357495,0.4255679543198423,0.4267450277984066,0.08232695411450396,0.41706215031421223
2024-01-24 00:00:00-05:00,0.41736360942826645,0.41783544394775207,0.43291479459994386,0.41706215031421223,0.1330331771243914,0.41236340156383866
2024-01-25 00:00:00-05:00,0.4145683422090758,0.41629167084261276,0.415195503235251,0.41236340156383866,0.13838814137141586,0.3874445006732574
2024-01-26 00:00:00-05:00,0.40128939062756075,0.39509627182370544,0.39834022081812215,0.3874445006732574,0.0923929198270834,0.37761915104465427
2024-01-29 00:00:00-05:00,0.36969921112705206,0.3591625574274868,0.3643414305862396,0.37761915104465427,0.10386732927678753,0.3250761212982569
2024-01-30 00:00:00-05:00,0.35474319907283336,0.35354816604028905,0.33394450859846136,0.3250761212982569,0.14305282428495175,0.27324501657927014
2024-01-31 00:00:00-05:00,0.30022963736959785,0.2875764704283954,0.2889973302306523,0.27324501657927014,0.14129181991886608,0.3082739935399559
2024-02-01 00:00:00-05:00,0.25759757491435087,0.2854709772418027,0.2813621867927867,0.3082739935399559,0.1836422660834427,0.2938921494580722
2024-02-02 00:00:00-05:00,0.19986892540869938,0.29080474311887405,0.21552560261822418,0.2938921494580722,0.3528740661527856,0.3199499561146584
2024-02-05 00:00:00-05:00,0.31574496805663665,0.31775491655306976,0.310462353523977,0.3199499561146584,0.20515296139685962,0.34301780836450924
2024-02-06 00:00:00-05:00,0.29771365990912635,0.3185970597874057,0.3238602078903945,0.34301780836450924,0.08743188811956122,0.3445841305637387
2024-02-07 00:00:00-05:00,0.35054978554338856,0.34302072594774025,0.3503675297904034,0.3445841305637387,0.13216841425514148,0.32906338071585095
2024-02-08 00:00:00-05:00,0.33307758244609253,0.3218254648856793,0.33221588266831503,0.32906338071585095,0.07606000905685086,0.3400415783386572
2024-02-09 00:00:00-05:00,0.32609870076050695,0.33154500619904725,0.3450357690659511,0.3400415783386572,0.09491660637010503,0.3158036681566698
2024-02-12 00:00:00-05:00,0.3228797795938605,0.31299303024120917,0.3275819601539065,0.3158036681566698,0.07974705573650771,0.2857202609549425
2024-02-13 00:00:00-05:00,0.2857913132839691,0.2784191027292193,0.2802693149724562,0.2857202609549425,0.14606622833427246,0.2730310905153419
2024-02-14 00:00:00-05:00,0.2794933100537298,0.268861954505593,0.26483513637328304,0.2730310905153419,0.13752652636492457,0.26889656631239633
2024-02-15 00:00:00-05:00,0.25472099559867667,0.2542454616717209,0.2491124617924121,0.26889656631239633,0.18611153957020882,0.24679726322774354
2024-02-16 00:00:00-05:00,0.25290136476290126,0.25930494860100284,0.2537280804957933,0.24679726322774354,0.11536062590304315,0.2361042277410692
2024-02-20 00:00:00-05:00,0.23008846936408833,0.22529304864910982,0.22963916457780842,0.2361042277410692,0.13318742239956183,0.24694017106678334
2024-02-21 00:00:00-05:00,0.23218804517002622,0.23175829685395222,0.23915953661654488,0.24694017106678334,0.0786129257540593,0.27616787401279774
2024-02-22 00:00:00-05:00,0.2537412549928617,0.26085113557544215,0.26512380493506615,0.27616787401279774,0.12701131566722773,0.24979157458079104
2024-02-23 00:00:00-05:00,0.2751545438558889,0.2619752564776583,0.26180594672215696,0.24979157458079104,0.09475696475877703,0.2304014207130538
2024-02-26 00:00:00-05:00,0.23638679105978166,0.22993115430442534,0.23901515660981998,0.2304014207130538,0.07563459788976275,0.2513598574058613
2024-02-27 00:00:00-05:00,0.2204316432622817,0.24623427402611586,0.22329231424190077,0.2513598574058613,0.13612527774267663,0.23410809278814293
2024-02-28 00:00:00-05:00,0.24016526620968337,0.2349905705377493,0.23151433577566305,0.23410809278814293,0.11199915817155943,0.22455570584599815
2024-02-29 00:00:00-05:00,0.22281090317943475,0.22726090052283476,0.22285961934993948,0.22455570584599815,0.5065104547267633,0.20901513189238985
2024-03-01 00:00:00-05:00,0.1987384106333332,0.19858972552110865,0.1918469300742287,0.20901513189238985,0.22232770060767243,0.1440007790220008
2024-03-04 00:00:00-05:00,0.15115288545329042,0.1475717811779429,0.1400623772171543,0.1440007790220008,0.25840265751567976,0.07299845698746354
2024-03-05 00:00:00-05:00,0.07571651140032953,0.0792672778594774,0.07991214168128913,0.07299845698746354,0.31966141588168717,0.058740785875477375
2024-03-06 00:00:00-05:00,0.07991508501288136,0.06802371088255299,0.06635283967690908,0.058740785875477375,0.2002913122135726,0.057030030905998785
2024-03-07 00:00:00-05:00,0.053183407428075924,0.06085587256363034,0.06361243240097725,0.057030030905998785,0.21457991096944734,0.0816953575212116
2024-03-08 00:00:00-05:00,0.05108405361553503,0.10259755465877429,0.07010335210746454,0.0816953575212116,0.23413938106722443,0.11049564403400103
2024-03-11 00:00:00-04:00,0.10622703592021843,0.11215477070924429,0.1149638483362807,0.11049564403400103,0.16230020627494968,0.11733909960654598
2024-03-12 00:00:00-04:00,0.10916592037373629,0.1072355381769996,0.0999620852714247,0.11733909960654598,0.16088771528570678,0.08739860024385848
2024-03-13 00:00:00-04:00,0.1038478418801696,0.09542996610629428,0.09635606982031275,0.08739860024385848,0.12789496571302916,0.11406006181199757
2024-03-14 00:00:00-04:00,0.10580722448852997,0.11117089693029136,0.11496389052475653,0.11406006181199757,0.21974420467223782,0.10864219907279837
2024-03-15 00:00:00-04:00,0.0814547639218266,0.08741887531518211,0.08957656083410015,0.10864219907279837,0.4389757574095069,0.12432546301813074
2024-03-18 00:00:00-04:00,0.1430357004380034,0.15895618537942546,0.13616801016962832,0.12432546301813074,0.23184413942153975,0.1579730701505393
2024-03-19 00:00:00-04:00,0.12582078386093976,0.14349608029197958,0.12909978138463352,0.1579730701505393,0.1401558911576985,0.1949001507721273
2024-03-20 00:00:00-04:00,0.14513504905096886,0.17244843849464608,0.15881456186151865,0.1949001507721273,0.13209691280105373,0.09082032803013096
2024-03-21 00:00:00-04:00,0.1637492970026364,0.15586427319899743,0.09751012871902542,0.09082032803013096,0.36934773135779464,0.10379466060586395
2024-03-22 00:00:00-04:00,0.08971211105878618,0.09346236769735716,0.08625893151386999,0.10379466060586395,0.21161867150298308,0.08340654818532123
2024-03-25 00:00:00-04:00,0.07305747363136161,0.07786191698425737,0.07745994718879645,0.08340654818532123,0.13598767117065869,0.06715295996772408
2024-03-26 00:00:00-04:00,0.06507980558928983,0.0705534930059013,0.07933516899652915,0.06715295996772408,0.1499286559390502,0.11847974815107554
2024-03-27 00:00:00-04:00,0.07081798466412703,0.1011922436873327,0.08698008110341382,0.11847974815107554,0.16290189775651825,0.09238861085520123
2024-03-28 00:00:00-04:00,0.08957222819309418,0.08193760070051503,0.09274994174240936,0.09238861085520123,0.18718271229748568,0.07171533629852611
2024-04-01 00:00:00-04:00,0.0817347568948028,0.06816434749547984,0.07789271280892462,0.07171533629852611,0.09979714272994351,0.05474873381694012
2024-04-02 00:00:00-04:00,0.052203779047689025,0.04132013203577323,0.059861858136539325,0.05474873381694012,0.11368821138887754,0.06629725571201117
2024-04-03 00:00:00-04:00,0.04814489903238739,0.0601530415289977,0.06491052523899432,0.06629725571201117,0.10632311192315978,0.05446378952812303
2024-04-04 00:00:00-04:00,0.06913845071861768,0.07758072417728457,0.06837257247829553,0.05446378952812303,0.1333619039353231,0.06529929715920568
2024-04-05 00:00:00-04:00,0.05934142007503729,0.056077295352280565,0.07024749948943576,0.06529929715920568,0.08097607129639332,0.0491883989333326
2024-04-08 00:00:00-04:00,0.051504035036262774,0.03935259753296405,0.060006328275402865,0.0491883989333326,0.06015655670582458,0.06658241784814356
2024-04-09 00:00:00-04:00,0.04688529367233052,0.05172044362188499,0.061592886357515475,0.06658241784814356,0.08275686222839003,0.03963579414387208
2024-04-10 00:00:00-04:00,0.04828499196947389,0.037806495167056475,0.04370638700471918,0.03963579414387208,0.1153961517827471,0.14314529261360365
2024-04-11 00:00:00-04:00,0.041846994849730645,0.12733367847575883,0.05885233226878439,0.14314529261360365,0.3013943682936471,0.16467427142599167
2024-04-12 00:00:00-04:00,0.1247012584690288,0.1680915484763119,0.14612104733260267,0.16467427142599167,0.3487157394487013,0.10964015762560386
2024-04-15 00:00:00-04:00,0.14009642499654218,0.14377724333310438,0.1214547899035292,0.10964015762560386,0.22252466687742362,0.06244789364519798
2024-04-16 00:00:00-04:00,0.08957213868909131,0.10344082318554326,0.06043895042516656,0.06244789364519798,0.2233314191329797,0.042772577641327914
2024-04-17 00:00:00-04:00,0.05962155265497904,0.05973154002796299,0.05654436372406124,0.042772577641327914,0.12075606267124937,0.02908523080160652
2024-04-18 00:00:00-04:00,0.037508344345128286,0.031482096304858764,0.03562872999163247,0.02908523080160652,0.0857774613925875,0.0
2024-04-19 00:00:00-04:00,0.012036343651689041,0.0,0.0,0.0,0.19662360240514704,0.011976156175612207
2024-04-22 00:00:00-04:00,0.002379214808422958,0.01208675379103008,0.009952894868005213,0.011976156175612207,0.10823296522825827,0.0270890958486798
2024-04-23 00:00:00-04:00,0.0,0.009135457690719218,0.012116513969858023,0.0270890958486798,0.11462492540689499,0.057315193042131174
2024-04-24 00:00:00-04:00,0.01665469129392294,0.040758043401437405,0.0307243771470902,0.057315193042131174,0.10884185182470361,0.06971920134559939
2024-04-25 00:00:00-04:00,0.05850182575507956,0.05916940646348756,0.05870791162361755,0.06971920134559939,0.11921405961422492,0.06130724510066843
2024-04-26 00:00:00-04:00,0.06340031038979577,0.06942902414274021,0.07356512096546064,0.06130724510066843,0.09349197362450766,0.12118867952067491
2024-04-29 00:00:00-04:00,0.1122449748336285,0.13534445862176314,0.13010959992794247,0.12118867952067491,0.19841023936798113,0.07599255049319575
2024-04-30 00:00:00-04:00,0.11168537140994594,0.1207280414393126,0.08539347086296845,0.07599255049319575,0.188361362053234,0.06130724510066843
2024-05-01 00:00:00-04:00,0.05920157122706504,0.08868378534262744,0.07255551540872895,0.06130724510066843,0.11842619453522031,0.11448769609253828
2024-05-02 00:00:00-04:00,0.10020876233564513,0.09866235970581672,0.09823126064887644,0.11448769609253828,0.3155354671945483,0.2620528928925352
2024-05-03 00:00:00-04:00,0.29810726684710476,0.28952195677641246,0.268008482528304,0.2620528928925352,0.6258661681651243,0.23824305268572
2024-05-06 00:00:00-04:00,0.2379262835495064,0.25016957912549076,0.2356975276002644,0.23824305268572,0.24517983515092429,0.2480803839166814
2024-05-07 00:00:00-04:00,0.25332121498554105,0.26000749785814614,0.24867961016626872,0.2480803839166814,0.2394961440929681,0.25292814023093113
2024-05-08 00:00:00-04:00,0.24492398954546157,0.23428805754976523,0.250554694940627,0.25292814023093113,0.09447545588922403,0.2790194953741212
2024-05-09 00:00:00-04:00,0.24086522540723276,0.2566347005357068,0.2600750631348552,0.2790194953741212,0.11213001932338039,0.2608878454486576
2024-05-10 00:00:00-04:00,0.27712493158554174,0.2662063113737463,0.2639269127874102,0.2608878454486576,0.12011884530997681,0.3070019830641142
2024-05-13 00:00:00-04:00,0.28469295601356315,0.29449423805879293,0.29989267232960426,0.3070019830641142,0.21583770698883997,0.32342026385231204
